<?xml version="1.0" encoding="utf-8"?>
<System>
  <P Name="Location">[-8, -8, 1608, 868]</P>
  <P Name="Open">on</P>
  <P Name="SetExecutionDomain">off</P>
  <P Name="ExecutionDomainType">Deduce</P>
  <P Name="ReportName">simulink-default.rpt</P>
  <P Name="SIDHighWatermark">15</P>
  <P Name="SimulinkSubDomain">Simulink</P>
  <Block BlockType="Clock" Name="Clock" SID="1">
    <P Name="Position">[170, 385, 190, 405]</P>
    <P Name="ZOrder">340</P>
  </Block>
  <Block BlockType="Gain" Name="Gain" SID="2">
    <P Name="Position">[560, 345, 590, 375]</P>
    <P Name="ZOrder">335</P>
    <P Name="BlockMirror">on</P>
    <P Name="NameLocation">top</P>
    <P Name="Gain">Kb</P>
  </Block>
  <Block BlockType="Integrator" Name="Integrator" SID="3">
    <P Name="Ports">[1, 1]</P>
    <P Name="Position">[965, 215, 995, 245]</P>
    <P Name="ZOrder">338</P>
  </Block>
  <Block BlockType="Scope" Name="Scope" SID="4">
    <P Name="Ports">[1]</P>
    <P Name="Position">[1065, 214, 1095, 246]</P>
    <P Name="ZOrder">333</P>
    <P Name="ScopeSpecificationString">Simulink.scopes.TimeScopeBlockCfg(&apos;CurrentConfiguration&apos;, extmgr.ConfigurationSet(extmgr.Configuration(&apos;Core&apos;,&apos;General UI&apos;,true),extmgr.Configuration(&apos;Core&apos;,&apos;Source UI&apos;,true),extmgr.Configuration(&apos;Sources&apos;,&apos;WiredSimulink&apos;,true,&apos;SampleTime&apos;,&apos;0.0001&apos;,&apos;DataLoggingVariableName&apos;,&apos;ScopeData1&apos;),extmgr.Configuration(&apos;Visuals&apos;,&apos;Time Domain&apos;,true,&apos;SerializedDisplays&apos;,{struct(&apos;MinYLimReal&apos;,&apos;-122.56445&apos;,&apos;MaxYLimReal&apos;,&apos;1103.08008&apos;,&apos;YLabelReal&apos;,&apos;&apos;,&apos;MinYLimMag&apos;,&apos; 0.00000&apos;,&apos;MaxYLimMag&apos;,&apos;1103.08008&apos;,&apos;LegendVisibility&apos;,&apos;Off&apos;,&apos;XGrid&apos;,true,&apos;YGrid&apos;,true,&apos;PlotMagPhase&apos;,false,&apos;AxesColor&apos;,[0 0 0],&apos;AxesTickColor&apos;,[0.686274509803922 0.686274509803922 0.686274509803922],&apos;ColorOrder&apos;,[1 1 0.0666666666666667;0.0745098039215686 0.623529411764706 1;1 0.411764705882353 0.16078431372549;0.392156862745098 0.831372549019608 0.0745098039215686;0.717647058823529 0.274509803921569 1;0.0588235294117647 1 1;1 0.0745098039215686 0.650980392156863],&apos;Title&apos;,&apos;%&lt;SignalLabel&gt;&apos;,&apos;LinePropertiesCache&apos;,{{}},&apos;UserDefinedChannelNames&apos;,{{}},&apos;NumLines&apos;,1,&apos;LineNames&apos;,{{&apos;Integrator&apos;}},&apos;ShowContent&apos;,true,&apos;Placement&apos;,1)},&apos;DisplayPropertyDefaults&apos;,struct(&apos;MinYLimReal&apos;,&apos;-122.56445&apos;,&apos;MaxYLimReal&apos;,&apos;1103.08008&apos;,&apos;YLabelReal&apos;,&apos;&apos;,&apos;MinYLimMag&apos;,&apos; 0.00000&apos;,&apos;MaxYLimMag&apos;,&apos;1103.08008&apos;,&apos;LegendVisibility&apos;,&apos;Off&apos;,&apos;XGrid&apos;,true,&apos;YGrid&apos;,true,&apos;PlotMagPhase&apos;,false,&apos;AxesColor&apos;,[0 0 0],&apos;AxesTickColor&apos;,[0.686274509803922 0.686274509803922 0.686274509803922],&apos;ColorOrder&apos;,[0.0745098039215686 0.623529411764706 1;1 0.411764705882353 0.16078431372549;1 1 0.0666666666666667;0.717647058823529 0.274509803921569 1;0.392156862745098 0.831372549019608 0.0745098039215686;0.0588235294117647 1 1;1 0.0745098039215686 0.650980392156863])),extmgr.Configuration(&apos;Tools&apos;,&apos;Plot Navigation&apos;,true),extmgr.Configuration(&apos;Tools&apos;,&apos;Measurements&apos;,true,&apos;Version&apos;,&apos;2020a&apos;)),&apos;Version&apos;,&apos;2020a&apos;,&apos;Position&apos;,[389 160 560 420])</P>
    <P Name="NumInputPorts">1</P>
    <P Name="Floating">off</P>
  </Block>
  <Block BlockType="Scope" Name="Scope1" SID="5">
    <P Name="Ports">[1]</P>
    <P Name="Position">[930, 359, 960, 391]</P>
    <P Name="ZOrder">339</P>
    <P Name="ScopeSpecificationString">Simulink.scopes.TimeScopeBlockCfg(&apos;CurrentConfiguration&apos;, extmgr.ConfigurationSet(extmgr.Configuration(&apos;Core&apos;,&apos;General UI&apos;,true),extmgr.Configuration(&apos;Core&apos;,&apos;Source UI&apos;,true),extmgr.Configuration(&apos;Sources&apos;,&apos;WiredSimulink&apos;,true,&apos;SampleTime&apos;,&apos;0.0001&apos;),extmgr.Configuration(&apos;Visuals&apos;,&apos;Time Domain&apos;,true,&apos;SerializedDisplays&apos;,{struct(&apos;MinYLimReal&apos;,&apos;-0.07469&apos;,&apos;MaxYLimReal&apos;,&apos;0.67225&apos;,&apos;YLabelReal&apos;,&apos;&apos;,&apos;MinYLimMag&apos;,&apos;0.00000&apos;,&apos;MaxYLimMag&apos;,&apos;0.67225&apos;,&apos;LegendVisibility&apos;,&apos;Off&apos;,&apos;XGrid&apos;,true,&apos;YGrid&apos;,true,&apos;PlotMagPhase&apos;,false,&apos;AxesColor&apos;,[0 0 0],&apos;AxesTickColor&apos;,[0.686274509803922 0.686274509803922 0.686274509803922],&apos;ColorOrder&apos;,[1 1 0.0666666666666667;0.0745098039215686 0.623529411764706 1;1 0.411764705882353 0.16078431372549;0.392156862745098 0.831372549019608 0.0745098039215686;0.717647058823529 0.274509803921569 1;0.0588235294117647 1 1;1 0.0745098039215686 0.650980392156863],&apos;Title&apos;,&apos;%&lt;SignalLabel&gt;&apos;,&apos;LinePropertiesCache&apos;,{{}},&apos;UserDefinedChannelNames&apos;,{{}},&apos;NumLines&apos;,1,&apos;LineNames&apos;,{{&apos;Transfer Fcn&apos;}},&apos;ShowContent&apos;,true,&apos;Placement&apos;,1)},&apos;DisplayPropertyDefaults&apos;,struct(&apos;MinYLimReal&apos;,&apos;-0.07469&apos;,&apos;MaxYLimReal&apos;,&apos;0.67225&apos;,&apos;YLabelReal&apos;,&apos;&apos;,&apos;MinYLimMag&apos;,&apos;0.00000&apos;,&apos;MaxYLimMag&apos;,&apos;0.67225&apos;,&apos;LegendVisibility&apos;,&apos;Off&apos;,&apos;XGrid&apos;,true,&apos;YGrid&apos;,true,&apos;PlotMagPhase&apos;,false,&apos;AxesColor&apos;,[0 0 0],&apos;AxesTickColor&apos;,[0.686274509803922 0.686274509803922 0.686274509803922],&apos;ColorOrder&apos;,[0.0745098039215686 0.623529411764706 1;1 0.411764705882353 0.16078431372549;1 1 0.0666666666666667;0.717647058823529 0.274509803921569 1;0.392156862745098 0.831372549019608 0.0745098039215686;0.0588235294117647 1 1;1 0.0745098039215686 0.650980392156863])),extmgr.Configuration(&apos;Tools&apos;,&apos;Plot Navigation&apos;,true),extmgr.Configuration(&apos;Tools&apos;,&apos;Measurements&apos;,true,&apos;Version&apos;,&apos;2020a&apos;)),&apos;Version&apos;,&apos;2020a&apos;,&apos;Position&apos;,[1 41 1600 783])</P>
    <P Name="NumInputPorts">1</P>
    <P Name="Floating">off</P>
  </Block>
  <Block BlockType="Step" Name="Step" SID="6">
    <P Name="Position">[340, 215, 370, 245]</P>
    <P Name="ZOrder">332</P>
    <P Name="Time">0</P>
    <P Name="After">6</P>
    <P Name="SampleTime">0</P>
  </Block>
  <Block BlockType="Sum" Name="Sum" SID="7">
    <P Name="Ports">[2, 1]</P>
    <P Name="Position">[415, 220, 435, 240]</P>
    <P Name="ZOrder">336</P>
    <P Name="Inputs">|+-</P>
  </Block>
  <Block BlockType="ToWorkspace" Name="To Workspace" SID="8">
    <P Name="Ports">[1]</P>
    <P Name="Position">[300, 380, 390, 410]</P>
    <P Name="ZOrder">341</P>
    <P Name="VariableName">t</P>
    <P Name="MaxDataPoints">inf</P>
    <P Name="FixptAsFi">on</P>
    <P Name="SampleTime">-1</P>
  </Block>
  <Block BlockType="ToWorkspace" Name="To Workspace1" SID="9">
    <P Name="Ports">[1]</P>
    <P Name="Position">[915, 455, 1005, 485]</P>
    <P Name="ZOrder">342</P>
    <P Name="VariableName">v</P>
    <P Name="MaxDataPoints">inf</P>
    <P Name="FixptAsFi">on</P>
    <P Name="SampleTime">-1</P>
  </Block>
  <Block BlockType="ToWorkspace" Name="To Workspace2" SID="10">
    <P Name="Ports">[1]</P>
    <P Name="Position">[1120, 360, 1210, 390]</P>
    <P Name="ZOrder">343</P>
    <P Name="VariableName">d</P>
    <P Name="MaxDataPoints">inf</P>
    <P Name="FixptAsFi">on</P>
    <P Name="SampleTime">-1</P>
  </Block>
  <Block BlockType="TransferFcn" Name="Transfer Fcn" SID="11">
    <P Name="Position">[670, 212, 730, 248]</P>
    <P Name="ZOrder">334</P>
    <P Name="Denominator">[J b]</P>
    <Port>
      <P Name="PortNumber">1</P>
    </Port>
  </Block>
  <Block BlockType="TransferFcn" Name="Transfer Fcn1" SID="12">
    <P Name="Position">[560, 212, 620, 248]</P>
    <P Name="ZOrder">337</P>
    <P Name="Numerator">[Kt]</P>
    <P Name="Denominator">[L R]</P>
  </Block>
  <Line>
    <P Name="ZOrder">1</P>
    <P Name="Src">1#out:1</P>
    <P Name="Dst">8#in:1</P>
  </Line>
  <Line>
    <P Name="ZOrder">2</P>
    <P Name="Src">12#out:1</P>
    <P Name="Dst">11#in:1</P>
  </Line>
  <Line>
    <P Name="ZOrder">3</P>
    <P Name="Src">2#out:1</P>
    <P Name="Points">[-130, 0]</P>
    <P Name="Dst">7#in:2</P>
  </Line>
  <Line>
    <P Name="ZOrder">6</P>
    <P Name="Src">3#out:1</P>
    <P Name="Points">[36, 0]</P>
    <Branch>
      <P Name="ZOrder">5</P>
      <P Name="Points">[0, 145]</P>
      <P Name="Dst">10#in:1</P>
    </Branch>
    <Branch>
      <P Name="ZOrder">4</P>
      <P Name="Dst">4#in:1</P>
    </Branch>
  </Line>
  <Line>
    <P Name="ZOrder">15</P>
    <P Name="Src">6#out:1</P>
    <P Name="Dst">7#in:1</P>
  </Line>
  <Line>
    <P Name="ZOrder">19</P>
    <P Name="Src">11#out:1</P>
    <P Name="Points">[60, 0]</P>
    <Branch>
      <P Name="ZOrder">25</P>
      <P Name="Points">[88, 0]</P>
      <Branch>
        <P Name="ZOrder">11</P>
        <P Name="Points">[0, 145]</P>
        <Branch>
          <P Name="ZOrder">10</P>
          <P Name="Points">[0, 95]</P>
          <P Name="Dst">9#in:1</P>
        </Branch>
        <Branch>
          <P Name="ZOrder">9</P>
          <P Name="Dst">5#in:1</P>
        </Branch>
      </Branch>
      <Branch>
        <P Name="ZOrder">8</P>
        <P Name="Dst">3#in:1</P>
      </Branch>
    </Branch>
    <Branch>
      <P Name="ZOrder">18</P>
      <P Name="Points">[0, 130]</P>
      <P Name="Dst">2#in:1</P>
    </Branch>
  </Line>
  <Line>
    <P Name="ZOrder">40</P>
    <P Name="Src">7#out:1</P>
    <P Name="Dst">12#in:1</P>
  </Line>
</System>
